{
    "traits": [
      "ADAPTABILITY",
      "AGENT OF CHANGE",
      "BUILDING TEAMS",
      "COACHING",
      "CREATING BUY-IN",
      "DECISIVENESS",
      "DELEGATION AND EMPOWERMENT",
      "DEVELOPING STRUCTURES, SYSTEMS, AND PROCESSES",
      "EMPHASIZING EXCELLENCE",
      "FACILITATING CONFLICT RESOLUTION",
      "FINDING AND ATTRACTING TALENT",
      "HOLDING PEOPLE ACCOUNTABLE",
      "INSPIRATIONAL ROLE MODEL",
      "LISTENING",
      "PLANNING, PRIORITIZING, AND MAINTAINING FOCUS",
      "PRAISE AND RECOGNITION",
      "RESILIENCE AND STRESS MANAGEMENT",
      "STRATEGIC FOCUS"
    ],
    "traits_avg": [
      0.9504950495,
      0.8910891089,
      1.01980198,
      0.7920792079,
      0.7623762376,
      1.03960396,
      1.326732673,
      1.089108911,
      0.8613861386,
      1.128712871,
      0.4752475248,
      1.207920792,
      1.207920792,
      1.297029703,
      0.8514851485,
      1.01980198,
      0.9207920792,
      1.158415842
    ],
    "traits_std": [
      0.7921645994,
      0.7733174005,
      0.8243809559,
      0.7525534092,
      0.6503616663,
      0.7735734235,
      0.9285355232,
      0.8842964424,
      0.8370149696,
      0.7702384869,
      0.7013424186,
      0.8639077692,
      0.7115733509,
      0.8311985858,
      0.804812259,
      0.9162990562,
      0.8908778627,
      0.9135937091
    ]
  }
  