{
   "traits": [
      "ADAPTABILITY",
      "AGENT OF CHANGE",
      "BUILDING TEAMS",
      "COACHING",
      "CREATING BUY-IN",
      "DECISION MAKING",
      "DELEGATION AND EMPOWERMENT",
      "DEVELOPING STRUCTURES, SYSTEMS, AND PROCESSES",
      "EMPHASIZING EXCELLENCE",
      "FACILITATING CONFLICT RESOLUTION",
      "FINDING AND ATTRACTING TALENT",
      "HOLDING PEOPLE ACCOUNTABLE",
      "INSPIRATIONAL ROLE MODEL",
      "LISTENING",
      "PLANNING, PRIORITIZING, AND MAINTAINING FOCUS",
      "PRAISE AND RECOGNITION",
      "RESILIENCE AND STRESS MANAGEMENT",
      "STRATEGIC FOCUS"
   ],
   "traits_avg": [
      0.9272063418920266,
      0.8750698990063123,
      1.0317752703654486,
      0.8025722837870432,
      0.7947764875933555,
      1.0203611719601329,
      1.2418999372524917,
      1.152955494986711,
      0.8174402157694352,
      1.0636821154518272,
      0.5101147988996677,
      1.2206835300730896,
      1.2605506397076411,
      1.2939048057906977,
      0.9045426137159468,
      1.0218084929568105,
      0.8895102134724252,
      1.171145686385382
   ],
   "traits_std": [
      0.7843263039017694,
      0.7679186057231866,
      0.8242857446118267,
      0.7392777441758447,
      0.6644654828242643,
      0.7632728339061716,
      0.9517795265004053,
      0.9203093005330657,
      0.8311305551381456,
      0.7872585443645717,
      0.6896720398587244,
      0.8490643336750208,
      0.7189974750498948,
      0.8267093469402709,
      0.8228368998642286,
      0.9191396519532679,
      0.8775763173621958,
      0.8995858788206855
   ]
}